height,weight,skin_colour,games,victories,ties,defeats,goals,yellowCards,yellowReds,redCards
182.0,71.0,0.125,654,247,179,228,9,19,0,0
183.0,73.0,0.125,336,141,73,122,62,42,0,1
165.0,63.0,0.25,412,200,97,115,31,11,0,0
178.0,76.0,0.0,260,150,42,68,39,31,0,1
180.0,73.0,0.25,124,41,40,43,1,8,4,2
180.0,74.0,0.75,97,41,23,33,3,11,1,0
189.0,80.0,0.875,24,8,8,8,0,0,0,0
188.0,83.0,0.875,3,0,1,2,0,0,0,0
180.0,68.0,1.0,121,34,25,62,3,21,0,2
179.0,70.0,0.875,50,17,8,25,0,3,0,1
180.0,78.0,1.0,36,16,8,12,0,2,0,0
185.0,78.0,0.375,246,93,61,92,25,70,3,2
188.0,75.0,0.75,208,109,51,48,21,24,0,2
184.0,79.0,0.25,211,88,63,60,9,66,1,0
188.0,90.0,0.0,206,83,54,69,1,4,0,0
188.0,76.0,0.0,131,46,34,51,13,21,0,0
175.0,62.0,0.0,339,145,68,126,55,21,0,0
190.0,76.0,0.0,82,28,18,36,1,14,1,1
173.0,73.0,0.0,131,55,31,45,4,29,2,1
193.0,87.0,0.25,182,83,40,59,51,18,1,0
190.0,88.0,0.0,44,22,6,16,0,1,0,1
180.0,78.0,0.25,209,67,56,86,41,23,1,0
190.0,88.0,0.125,286,144,71,71,20,59,2,3
171.0,69.0,0.25,178,53,43,82,39,22,1,0
180.0,74.0,0.25,453,199,120,134,178,90,2,3
183.0,73.0,0.125,294,145,62,87,60,16,0,0
188.0,82.0,0.25,29,10,11,8,0,3,0,0
172.0,67.0,0.25,373,229,59,85,33,58,1,3
188.0,71.0,0.0,66,42,14,10,6,11,0,0
182.0,78.0,0.25,322,125,82,115,105,68,3,4
187.0,77.0,0.0,200,78,62,60,52,8,0,0
179.0,69.0,0.5,15,6,1,8,4,1,0,0
176.0,66.0,1.0,130,39,42,49,31,17,0,1
180.0,74.0,0.5,234,70,67,97,3,60,2,1
181.0,77.0,0.25,561,292,139,130,11,197,3,6
186.0,82.0,0.125,171,51,50,70,4,69,0,3
170.0,68.0,0.125,175,77,52,46,11,39,2,1
175.0,73.0,0.25,197,104,41,52,45,36,0,1
175.0,68.0,0.25,136,50,36,50,1,22,1,0
187.0,80.0,0.125,285,138,57,90,28,50,4,3
174.0,66.0,0.25,141,57,30,54,16,32,0,0
180.0,72.0,0.875,34,6,15,13,2,3,0,0
185.0,77.0,0.125,20,5,5,10,4,5,0,0
182.0,74.0,1.0,345,208,64,73,11,67,2,0
180.0,68.0,0.0,68,30,12,26,3,8,0,1
188.0,92.0,0.5,371,243,81,47,38,48,0,2
174.0,75.0,0.25,138,54,26,58,12,18,1,0
183.0,85.0,0.125,185,85,43,57,36,25,1,0
183.0,72.0,0.0,58,25,7,26,2,2,0,0
193.0,92.0,0.0,325,132,90,103,31,42,4,3
188.0,83.0,0.125,322,115,96,111,0,11,0,1
196.0,84.0,0.0,342,121,85,136,106,39,2,0
173.0,72.0,0.0,103,49,23,31,6,14,1,0
189.0,83.0,0.125,89,41,22,26,0,1,0,0
180.0,68.0,1.0,214,88,54,72,11,34,0,0
176.0,70.0,0.625,229,111,53,65,68,33,0,2
174.0,73.0,0.75,153,77,31,45,42,18,2,1
183.0,80.0,0.0,255,96,57,102,16,77,7,4
170.0,73.0,0.375,373,215,67,91,96,60,2,2
175.0,73.0,0.25,227,91,51,85,53,25,0,0
174.0,68.0,1.0,108,38,21,49,7,18,0,1
169.0,68.0,0.25,116,46,27,43,3,27,0,2
190.0,79.0,1.0,420,195,109,116,24,91,5,2
190.0,88.0,0.5,47,26,14,7,0,0,0,0
183.0,76.0,0.25,114,30,34,50,3,43,0,2
186.0,87.0,0.125,320,161,58,101,150,27,0,5
178.0,80.0,0.25,257,80,78,99,4,45,3,0
180.0,69.0,0.375,55,19,12,24,2,9,1,0
182.0,71.0,0.125,136,50,27,59,32,9,0,0
182.0,80.0,0.25,29,9,10,10,3,5,0,0
181.0,75.0,1.0,213,109,51,53,4,28,0,3
192.0,86.0,0.375,126,45,37,44,5,40,4,1
168.0,67.0,0.25,101,47,22,32,11,1,0,0
186.0,81.0,0.625,97,41,25,31,12,19,2,0
192.0,85.0,0.0,274,98,65,111,5,93,9,4
181.0,75.0,0.25,406,229,83,94,23,62,2,2
182.0,73.0,0.0,230,101,57,72,21,62,1,4
193.0,80.0,0.25,100,50,20,30,0,1,0,0
188.0,81.0,0.5,32,5,7,20,1,3,2,0
176.0,69.0,0.75,220,148,27,45,13,19,0,0
176.0,72.0,0.75,246,107,66,73,56,45,0,1
180.0,74.0,0.25,136,60,28,48,32,15,1,2
187.0,79.0,0.0,128,51,24,53,11,35,1,1
184.0,76.0,0.75,270,89,82,99,21,53,2,3
186.0,84.0,0.125,303,115,94,94,101,31,0,0
180.0,74.0,0.5,197,108,47,42,28,44,0,1
178.0,72.0,0.25,139,52,34,53,4,22,1,0
184.0,74.0,0.0,262,137,55,70,85,11,0,1
189.0,86.0,0.25,98,31,31,36,0,4,0,1
180.0,70.0,0.0,296,125,72,99,7,57,1,0
184.0,82.0,0.25,460,188,122,150,76,62,0,1
172.0,69.0,0.25,294,132,74,88,39,62,4,1
185.0,77.0,0.0,296,153,69,74,19,23,0,1
179.0,72.0,0.0,148,50,37,61,32,12,0,0
169.0,67.0,0.125,377,177,83,117,45,45,1,0
187.0,83.0,0.25,99,43,17,39,3,17,0,0
172.0,69.0,0.0,358,188,92,78,85,34,0,2
188.0,84.0,0.0,238,94,55,89,56,38,4,0
174.0,81.0,0.0,462,198,111,153,121,61,2,1
183.0,76.0,0.25,158,67,33,58,17,15,0,1
170.0,70.0,0.0,378,149,101,128,134,30,2,0
180.0,71.0,0.25,389,157,93,139,9,87,5,2
180.0,70.0,0.25,391,242,79,70,69,62,3,3
172.0,68.0,0.5,177,64,44,69,43,18,1,0
192.0,84.0,0.25,179,74,45,60,11,27,0,0
175.0,64.0,1.0,176,91,43,42,1,31,0,1
184.0,73.0,0.25,313,84,81,148,46,27,0,3
184.0,81.0,0.25,54,27,12,15,0,3,0,0
174.0,65.0,0.0,186,61,60,65,20,19,0,0
180.0,77.0,0.25,563,285,138,140,9,91,1,1
176.0,68.0,0.25,219,94,53,72,58,29,0,0
184.0,78.0,0.0,216,87,60,69,14,43,3,3
178.0,78.0,0.375,317,120,68,129,5,31,0,0
180.0,74.0,0.125,139,39,36,64,11,24,0,0
176.0,74.0,0.25,344,138,92,114,16,61,2,3
190.0,85.0,1.0,113,40,26,47,8,24,1,3
177.0,74.0,0.0,249,95,70,84,3,37,1,0
175.0,70.0,0.75,344,171,68,105,36,48,3,3
173.0,72.0,0.125,172,65,43,64,31,45,0,1
184.0,82.0,0.25,199,73,40,86,35,37,1,1
184.0,80.0,0.0,370,143,90,137,1,36,1,4
184.0,79.0,0.25,364,244,71,49,6,85,5,0
177.0,76.0,0.0,385,209,84,92,71,75,1,3
190.0,96.0,0.875,239,87,68,84,72,22,1,2
189.0,76.0,0.25,270,100,72,98,36,35,2,0
180.0,80.0,0.25,521,347,80,94,170,50,2,2
185.0,82.0,0.625,148,48,40,60,3,10,1,0
172.0,67.0,0.75,219,78,60,81,15,10,0,0
181.0,81.0,1.0,328,160,61,107,95,12,0,0
185.0,77.0,0.25,148,52,30,66,5,48,4,2
186.0,81.0,0.0,31,18,7,6,0,2,0,0
166.0,67.0,1.0,390,147,95,148,12,66,2,2
183.0,81.0,0.0,157,62,30,65,59,17,1,0
193.0,88.0,0.125,364,190,84,90,0,24,0,0
185.0,81.0,0.125,171,70,35,66,45,26,1,1
189.0,85.0,0.125,148,62,31,55,0,5,1,0
181.0,74.0,0.5,320,130,71,119,56,55,1,4
170.0,67.0,0.5,662,404,146,112,16,106,1,3
180.0,65.0,0.75,419,193,114,112,77,57,1,2
198.0,83.0,0.125,192,68,52,72,1,11,0,1
190.0,89.0,0.875,241,94,60,87,13,21,3,1
176.0,62.0,0.0,258,135,56,67,6,35,0,1
177.0,71.0,0.5,273,116,65,92,31,50,3,1
184.0,75.0,0.75,236,115,68,53,20,34,1,1
182.0,82.0,0.0,120,53,30,37,6,25,1,1
182.0,76.0,0.0,278,103,79,96,17,40,1,1
189.0,80.0,0.0,73,33,11,29,0,5,0,1
175.0,75.0,0.0,221,92,51,78,4,56,1,1
178.0,70.0,0.25,288,132,65,91,4,41,1,0
179.0,76.0,1.0,163,57,41,65,47,12,1,0
176.0,72.0,1.0,432,227,108,97,5,44,0,2
181.0,75.0,0.25,115,45,27,43,2,27,1,1
184.0,77.0,1.0,372,158,102,112,129,19,1,0
177.0,70.0,0.25,160,67,43,50,0,26,1,0
188.0,90.0,0.25,509,188,136,185,10,128,10,5
188.0,80.0,0.75,142,62,34,46,4,11,0,0
184.0,77.0,0.25,1,1,0,0,0,1,0,0
177.0,71.0,1.0,24,11,5,8,0,1,0,0
180.0,71.0,0.25,283,105,56,122,56,37,1,2
187.0,83.0,0.125,159,76,36,47,4,43,2,1
183.0,70.0,0.0,126,81,22,23,6,19,0,0
192.0,85.0,0.25,184,72,49,63,83,11,0,0
185.0,75.0,0.0,92,32,22,38,2,15,0,0
184.0,87.0,0.0,166,65,33,68,2,10,0,0
183.0,79.0,0.25,611,397,113,101,91,90,2,1
188.0,81.0,0.25,136,69,26,41,2,19,1,0
178.0,72.0,0.25,109,32,23,54,1,19,2,0
188.0,80.0,0.0,246,89,68,89,0,8,0,1
175.0,72.0,0.25,145,67,30,48,15,47,0,0
187.0,80.0,0.0,295,159,54,82,21,27,2,3
197.0,90.0,0.0,135,42,43,50,9,12,0,1
172.0,66.0,0.25,357,149,85,123,52,32,0,1
180.0,75.0,0.0,119,44,34,41,3,12,0,2
190.0,78.0,0.0,64,24,17,23,0,0,0,0
180.0,69.0,0.5,331,154,85,92,4,50,2,2
182.0,78.0,0.125,488,209,131,148,34,80,2,0
177.0,69.0,0.25,438,194,119,125,30,83,1,1
173.0,64.0,0.25,225,114,62,49,6,21,0,2
180.0,77.0,0.25,381,119,108,154,10,84,3,3
190.0,79.0,0.0,208,98,48,62,0,9,0,0
180.0,79.0,0.0,256,112,58,86,53,59,2,1
175.0,70.0,0.75,364,167,89,108,21,59,2,0
175.0,71.0,0.25,249,116,66,67,28,53,1,0
190.0,87.0,0.25,179,71,46,62,3,29,0,0
191.0,92.0,0.25,311,101,78,132,0,14,0,1
186.0,75.0,0.5,396,157,86,153,98,35,1,1
172.0,69.0,0.75,196,77,53,66,4,28,1,1
181.0,76.0,0.375,220,67,53,100,41,28,1,3
182.0,76.0,0.25,112,47,29,36,10,6,0,0
180.0,75.0,0.25,200,79,38,83,4,34,1,0
185.0,73.0,0.25,224,94,51,79,4,55,4,1
183.0,75.0,0.5,314,158,78,78,6,41,0,2
193.0,91.0,0.25,582,247,151,184,1,7,0,1
193.0,95.0,0.0,188,76,42,70,0,9,0,0
193.0,79.0,0.0,124,43,36,45,0,4,0,2
176.0,71.0,0.25,59,18,15,26,9,6,0,0
189.0,78.0,0.5,278,144,63,71,84,61,0,2
182.0,78.0,0.0,394,214,76,104,40,66,0,3
174.0,71.0,0.75,86,31,21,34,1,11,0,0
195.0,85.0,0.125,412,161,103,148,19,38,0,1
176.0,75.0,0.0,317,140,73,104,58,20,2,0
178.0,69.0,1.0,128,34,44,50,3,25,0,1
175.0,68.0,0.25,221,84,55,82,32,28,0,0
194.0,85.0,0.5,95,41,21,33,4,23,2,2
172.0,70.0,0.25,115,51,32,32,4,18,0,0
168.0,65.0,0.375,65,37,15,13,4,6,0,1
186.0,70.0,0.125,320,147,78,95,88,15,0,0
178.0,64.0,0.25,165,56,38,71,32,13,0,0
189.0,73.0,0.25,339,251,54,34,12,74,1,1
178.0,74.0,0.75,414,183,85,146,123,79,1,2
187.0,84.0,0.25,111,38,26,47,12,41,2,3
191.0,88.0,0.0,214,80,54,80,0,12,0,1
182.0,75.0,0.0,162,69,38,55,11,42,1,1
174.0,70.0,0.25,381,126,114,141,27,22,0,0
185.0,85.0,0.75,380,134,103,143,81,38,1,1
175.0,71.0,0.25,220,57,59,104,24,28,0,1
176.0,65.0,0.0,144,66,32,46,22,15,0,0
182.0,79.0,0.25,574,296,121,157,47,91,3,2
185.0,77.0,0.125,71,41,9,21,1,3,2,0
184.0,84.0,0.5,229,78,64,87,9,25,0,5
179.0,81.0,0.5,16,3,3,10,2,4,0,0
196.0,89.0,0.375,131,57,40,34,0,2,0,0
184.0,78.0,1.0,292,105,75,112,0,20,0,3
189.0,79.0,0.125,149,59,44,46,1,17,1,1
171.0,75.0,0.5,466,283,84,99,178,61,1,4
177.0,75.0,0.375,264,119,60,85,69,33,0,1
185.0,78.0,0.25,156,68,35,53,5,53,2,2
190.0,88.0,1.0,365,130,90,145,81,41,1,2
173.0,76.0,0.25,148,53,28,67,1,58,2,1
182.0,71.0,0.0,114,50,29,35,1,22,2,1
182.0,78.0,0.25,119,49,30,40,1,11,0,3
183.0,72.0,0.5,452,189,117,146,18,122,2,4
192.0,87.0,0.25,314,136,98,80,0,9,1,2
181.0,77.0,0.5,354,133,99,122,9,40,0,2
177.0,77.0,0.75,307,101,81,125,43,33,0,0
179.0,75.0,0.25,538,352,107,79,111,92,0,1
180.0,68.0,0.5,104,32,33,39,12,28,0,0
181.0,75.0,1.0,242,121,62,59,6,32,6,0
170.0,70.0,1.0,315,101,85,129,33,33,0,1
191.0,90.0,0.75,152,55,26,71,31,12,1,0
194.0,84.0,0.75,155,61,48,46,61,19,0,1
180.0,76.0,1.0,261,121,57,83,5,82,2,4
191.0,80.0,0.75,5,2,0,3,0,0,0,0
178.0,83.0,0.5,212,82,54,76,27,9,0,0
188.0,79.0,1.0,161,70,44,47,33,22,0,1
185.0,79.0,0.25,180,68,40,72,17,48,1,2
186.0,77.0,0.0,340,119,95,126,7,55,2,1
180.0,71.0,0.125,330,120,78,132,3,29,1,1
175.0,65.0,0.0,154,84,34,36,10,19,0,0
193.0,90.0,0.5,161,95,25,41,6,8,0,0
190.0,83.0,0.75,216,92,46,78,84,21,1,3
186.0,84.0,0.0,411,162,96,153,25,66,2,1
189.0,80.0,0.0,377,170,84,123,53,28,0,0
184.0,81.0,0.0,107,49,28,30,3,12,0,0
180.0,80.0,0.25,318,159,72,87,8,51,3,2
186.0,75.0,0.125,60,29,16,15,5,8,0,0
186.0,80.0,0.25,229,120,42,67,18,14,1,1
185.0,80.0,0.125,425,200,79,146,26,74,3,0
186.0,77.0,0.25,207,61,64,82,63,49,1,1
180.0,75.0,0.25,276,115,65,96,10,29,1,1
195.0,90.0,0.25,109,36,25,48,0,4,0,0
190.0,90.0,0.125,183,69,45,69,0,20,0,3
194.0,91.0,0.125,108,40,21,47,0,2,0,0
194.0,92.0,0.125,310,168,54,88,4,30,0,0
178.0,65.0,0.25,274,117,87,70,12,24,1,1
184.0,75.0,0.0,177,71,48,58,53,17,0,0
183.0,70.0,0.375,180,65,52,63,51,20,0,0
173.0,63.0,0.0,90,30,28,32,2,16,0,1
186.0,77.0,0.0,55,26,11,18,6,5,0,0
185.0,80.0,0.125,316,150,69,97,78,36,1,2
184.0,76.0,0.125,168,49,48,71,5,46,4,1
185.0,84.0,0.25,319,132,76,111,1,19,0,1
184.0,84.0,0.25,619,333,136,150,264,54,3,2
183.0,81.0,0.25,419,178,103,138,17,76,2,0
179.0,71.0,0.25,231,102,67,62,9,36,2,0
186.0,72.0,0.0,119,62,27,30,14,21,0,1
185.0,77.0,0.125,397,169,94,134,117,32,0,0
176.0,70.0,0.125,203,87,60,56,23,48,3,2
177.0,71.0,1.0,138,56,28,54,5,21,0,3
203.0,96.0,0.125,145,71,43,31,0,13,0,1
178.0,76.0,0.125,239,87,65,87,31,45,2,2
186.0,88.0,0.25,136,40,37,59,0,18,0,0
177.0,73.0,0.375,166,75,42,49,1,47,2,1
178.0,72.0,0.25,270,113,68,89,3,38,1,1
178.0,81.0,0.25,340,191,80,69,33,37,1,1
187.0,81.0,0.125,193,104,38,51,9,58,3,1
178.0,65.0,0.25,140,90,28,22,29,6,0,0
185.0,80.0,0.25,650,435,118,97,420,93,3,5
165.0,65.0,0.0,162,48,40,74,16,35,1,2
190.0,84.0,0.25,291,130,73,88,13,50,2,2
177.0,68.0,0.0,409,164,105,140,10,107,6,13
178.0,70.0,0.375,16,8,4,4,1,1,0,0
188.0,79.0,0.0,234,77,64,93,5,66,2,2
178.0,70.0,0.0,598,254,151,193,79,33,0,0
194.0,90.0,0.0,261,84,87,90,0,5,0,0
184.0,78.0,0.0,233,71,68,94,13,42,3,1
178.0,71.0,0.0,120,56,24,40,12,12,0,1
174.0,68.0,0.125,169,68,50,51,18,22,1,0
173.0,64.0,0.375,583,373,110,100,39,146,8,2
171.0,73.0,0.0,90,64,14,12,4,18,0,0
179.0,74.0,0.25,130,52,33,45,3,26,2,0
182.0,77.0,0.0,86,31,21,34,0,8,0,1
196.0,85.0,0.25,68,22,25,21,0,2,0,0
187.0,82.0,0.375,145,57,28,60,36,21,2,1
187.0,75.0,0.25,302,161,67,74,23,23,0,1
174.0,73.0,0.0,298,110,76,112,8,44,1,1
189.0,84.0,0.0,62,29,18,15,0,2,0,0
184.0,85.0,0.5,269,105,72,92,22,29,0,0
182.0,79.0,0.25,196,89,42,65,37,34,0,2
184.0,79.0,0.375,287,100,87,100,7,26,0,3
179.0,77.0,0.625,131,50,25,56,26,13,1,0
186.0,76.0,0.0,284,141,69,74,7,40,0,1
188.0,76.0,0.75,216,106,47,63,81,10,0,1
197.0,95.0,0.25,477,266,88,123,60,42,1,4
181.0,74.0,0.0,216,89,54,73,23,15,0,0
184.0,75.0,0.5,183,73,41,69,8,37,0,1
181.0,77.0,0.25,48,16,13,19,8,8,1,0
173.0,74.0,0.75,145,65,34,46,5,22,1,2
185.0,73.0,0.875,209,115,38,56,51,12,0,0
188.0,87.0,0.5,318,183,65,70,19,58,3,2
183.0,80.0,0.25,232,89,63,80,9,24,3,1
180.0,73.0,1.0,465,177,118,170,190,16,0,0
183.0,83.0,0.0,388,246,67,75,27,30,3,1
180.0,83.0,0.375,148,83,34,31,14,30,0,1
187.0,85.0,0.0,255,129,52,74,15,52,1,2
180.0,75.0,0.75,258,155,38,65,27,11,0,0
181.0,72.0,0.5,263,111,55,97,47,8,0,0
189.0,82.0,0.0,157,60,45,52,1,17,0,1
177.0,71.0,0.0,276,81,84,111,7,41,0,0
173.0,70.0,0.875,197,61,46,90,28,16,0,0
180.0,66.0,0.125,264,105,73,86,28,37,0,0
185.0,73.0,0.0,289,182,47,60,17,70,0,0
188.0,82.0,0.0,276,129,73,74,12,74,5,2
199.0,77.0,0.25,390,181,97,112,7,41,1,1
175.0,69.0,0.0,224,71,55,98,3,18,0,1
170.0,67.0,0.25,450,275,77,98,82,44,1,2
191.0,84.0,0.0,108,43,21,44,0,4,0,0
175.0,69.0,0.25,553,339,107,107,281,62,2,5
194.0,88.0,0.75,211,78,51,82,0,7,0,1
187.0,77.0,0.125,171,80,38,53,1,13,0,0
182.0,74.0,1.0,111,62,21,28,23,14,0,1
190.0,82.0,0.0,248,136,46,66,0,6,0,0
182.0,82.0,0.25,174,58,45,71,6,34,0,0
175.0,68.0,0.375,371,140,97,134,63,81,1,3
180.0,76.0,0.125,206,83,53,70,27,38,0,1
178.0,72.0,0.125,58,18,15,25,4,7,1,0
183.0,80.0,0.125,401,151,89,161,20,77,3,0
188.0,84.0,0.0,213,110,49,54,12,39,5,2
190.0,82.0,1.0,245,114,60,71,98,15,0,1
184.0,85.0,0.5,320,141,77,102,20,50,0,0
188.0,79.0,0.25,167,55,39,73,2,24,0,0
184.0,81.0,0.0,194,67,51,76,5,24,0,2
174.0,74.0,1.0,223,99,50,74,60,26,1,1
173.0,73.0,0.25,400,197,86,117,109,83,1,1
188.0,85.0,0.375,233,81,62,90,0,25,0,1
194.0,89.0,0.25,371,157,87,127,0,20,0,2
161.0,60.0,0.25,193,65,52,76,33,48,0,1
174.0,67.0,0.25,200,63,48,89,38,30,1,0
184.0,83.0,0.25,365,136,101,128,31,76,6,4
177.0,74.0,0.25,127,79,23,25,7,5,0,0
189.0,81.0,0.25,232,113,53,66,93,68,1,4
185.0,75.0,0.25,359,190,79,90,19,76,1,7
174.0,76.0,0.375,86,30,21,35,27,12,0,0
196.0,89.0,0.125,300,150,68,82,0,20,0,3
188.0,88.0,0.25,329,176,82,71,36,107,1,4
179.0,77.0,0.25,185,78,40,67,18,27,0,0
180.0,75.0,0.125,58,27,9,22,0,10,0,0
188.0,79.0,0.25,580,281,129,170,258,40,0,1
183.0,77.0,0.75,63,31,7,25,1,5,1,0
174.0,70.0,0.5,311,120,82,109,55,31,1,1
183.0,78.0,1.0,545,263,115,167,222,47,0,3
182.0,71.0,0.75,80,42,21,17,3,15,1,0
187.0,75.0,1.0,123,46,32,45,53,19,0,1
189.0,83.0,0.25,196,89,48,59,10,46,3,0
188.0,78.0,0.0,215,81,58,76,2,27,0,0
194.0,89.0,0.25,218,118,47,53,0,12,0,2
180.0,69.0,0.25,191,80,50,61,3,19,0,2
188.0,86.0,0.875,188,74,58,56,56,31,1,2
181.0,81.0,0.375,364,150,74,140,22,23,0,2
175.0,71.0,0.25,330,131,80,119,37,77,3,5
188.0,87.0,0.25,393,135,101,157,0,29,1,3
180.0,73.0,0.25,171,80,34,57,33,16,0,0
179.0,78.0,0.0,103,33,28,42,3,24,2,1
170.0,69.0,0.25,327,168,85,74,76,16,0,1
180.0,77.0,0.0,186,72,46,68,18,32,1,1
193.0,84.0,0.25,359,187,70,102,182,41,0,0
176.0,72.0,0.0,76,32,17,27,8,7,0,0
185.0,90.0,0.0,221,80,60,81,51,28,0,0
180.0,73.0,0.125,82,35,19,28,0,8,1,0
177.0,74.0,0.75,222,84,52,86,27,49,1,3
176.0,77.0,0.75,296,119,76,101,36,28,1,0
179.0,76.0,0.0,237,106,57,74,18,23,1,1
184.0,79.0,0.0,123,48,35,40,5,18,2,0
189.0,90.0,0.25,429,152,114,163,13,79,2,3
179.0,78.0,0.5,259,93,64,102,46,54,1,4
185.0,80.0,0.25,266,111,66,89,13,84,5,3
190.0,75.0,1.0,450,234,116,100,170,43,1,5
183.0,78.0,1.0,358,120,88,150,14,33,1,0
170.0,68.0,0.25,465,241,103,121,43,100,5,4
184.0,82.0,0.5,117,60,23,34,11,34,1,0
183.0,74.0,0.125,49,12,9,28,0,8,0,0
190.0,83.0,0.375,288,133,71,84,70,27,1,0
186.0,75.0,0.75,457,268,107,82,2,34,0,4
183.0,74.0,0.0,104,42,13,49,16,14,0,2
177.0,72.0,0.125,274,120,61,93,89,23,0,0
175.0,65.0,0.125,347,133,94,120,14,44,3,0
183.0,73.0,0.0,254,96,63,95,9,65,1,2
183.0,80.0,0.75,210,98,51,61,6,28,1,0
174.0,71.0,0.125,310,160,75,75,15,75,4,1
173.0,71.0,0.25,396,195,97,104,97,62,0,4
169.0,59.0,0.25,85,36,19,30,3,11,0,1
196.0,93.0,0.0,136,48,33,55,0,9,0,2
178.0,64.0,0.25,276,95,75,106,12,8,0,0
169.0,70.0,0.5,251,103,57,91,46,37,3,5
188.0,89.0,0.125,240,76,79,85,0,11,0,5
176.0,68.0,0.25,267,104,65,98,36,28,3,1
180.0,73.0,0.125,119,53,25,41,32,17,1,0
179.0,70.0,0.375,242,149,38,55,16,51,5,1
172.0,65.0,0.0,94,47,18,29,4,14,0,2
176.0,69.0,0.5,259,105,79,75,13,16,0,0
177.0,74.0,0.0,91,31,32,28,4,15,1,1
184.0,73.0,0.125,305,102,82,121,14,35,2,4
183.0,76.0,0.25,463,192,110,161,18,75,4,3
168.0,67.0,0.25,151,64,46,41,8,27,0,1
174.0,68.0,0.5,183,63,56,64,13,23,0,0
185.0,75.0,1.0,124,49,35,40,6,25,0,4
195.0,90.0,0.375,206,104,46,56,15,40,2,2
185.0,72.0,0.0,112,39,21,52,19,11,0,0
194.0,80.0,0.75,176,92,41,43,14,19,1,0
193.0,85.0,0.5,116,46,33,37,6,31,0,2
179.0,79.0,0.0,147,64,32,51,29,20,0,0
184.0,70.0,0.0,157,43,50,64,19,38,1,1
178.0,74.0,0.25,328,200,53,75,3,74,2,0
176.0,69.0,0.125,387,170,85,132,3,117,4,3
183.0,70.0,0.125,596,313,135,148,238,74,5,1
181.0,79.0,0.0,355,133,92,130,31,34,0,0
170.0,64.0,0.0,410,176,127,107,14,86,0,4
181.0,73.0,0.625,604,338,137,129,105,64,3,0
187.0,82.0,0.125,97,53,23,21,3,10,0,0
176.0,70.0,0.0,146,57,43,46,2,15,1,0
179.0,68.0,0.25,178,58,60,60,24,13,0,0
178.0,73.0,0.5,108,50,23,35,2,9,2,1
180.0,72.0,0.625,292,129,92,71,3,52,3,0
170.0,72.0,0.25,466,286,93,87,127,46,3,3
173.0,69.0,0.0,255,72,75,108,3,35,1,0
194.0,78.0,0.25,177,52,52,73,21,20,0,1
187.0,81.0,0.0,71,29,18,24,10,8,0,0
174.0,69.0,0.25,136,52,29,55,5,25,2,1
186.0,77.0,0.0,247,122,67,58,9,30,0,0
183.0,77.0,0.125,914,523,197,194,265,86,2,2
172.0,82.0,0.75,194,74,47,73,45,21,1,0
188.0,77.0,0.5,389,132,118,139,82,32,3,4
180.0,74.0,0.0,383,186,85,112,25,112,7,0
178.0,76.0,0.5,342,131,97,114,81,39,0,0
186.0,79.0,0.25,168,85,38,45,7,4,0,0
188.0,79.0,0.0,278,108,66,104,9,59,4,3
167.0,64.0,0.25,265,115,68,82,43,44,0,0
176.0,72.0,0.5,389,237,86,66,2,49,1,0
176.0,65.0,0.0,267,87,78,102,33,20,1,1
183.0,74.0,0.75,188,73,50,65,3,28,0,0
182.0,75.0,0.375,94,25,23,46,2,30,3,1
188.0,79.0,0.25,73,31,9,33,4,35,2,0
183.0,74.0,0.25,336,162,78,96,93,32,0,1
184.0,78.0,0.125,679,314,170,195,65,105,2,2
187.0,79.0,1.0,99,39,21,39,45,24,2,0
178.0,75.0,0.375,218,84,47,87,4,32,0,0
180.0,74.0,0.5,137,61,35,41,7,29,0,3
188.0,71.0,0.25,360,153,76,131,31,43,0,4
180.0,74.0,0.0,437,174,101,162,17,69,2,7
171.0,76.0,0.125,300,121,74,105,28,77,6,10
178.0,71.0,0.0,225,88,54,83,15,28,2,0
183.0,82.0,0.25,159,52,49,58,0,9,0,1
171.0,66.0,0.25,277,116,66,95,29,46,0,1
181.0,73.0,0.0,190,79,53,58,0,10,0,1
188.0,76.0,0.875,121,57,27,37,6,21,0,1
188.0,74.0,0.0,226,90,66,70,9,47,3,1
180.0,74.0,0.0,410,157,96,157,2,64,1,1
180.0,85.0,1.0,537,259,125,153,91,76,2,2
186.0,78.0,0.125,162,66,46,50,0,13,0,0
190.0,84.0,0.0,201,61,46,94,7,41,2,1
193.0,82.0,0.0,98,39,24,35,30,0,0,0
179.0,68.0,0.75,341,157,83,101,88,32,0,2
180.0,74.0,0.25,63,17,20,26,12,11,0,1
186.0,80.0,1.0,245,102,58,85,1,40,2,2
176.0,83.0,0.0,441,223,103,115,37,66,1,1
175.0,74.0,0.75,251,109,57,85,53,20,0,0
181.0,77.0,0.75,125,53,36,36,35,30,1,2
178.0,70.0,0.625,416,219,93,104,17,59,2,0
190.0,83.0,0.0,287,136,62,89,11,51,3,1
178.0,76.0,0.0,412,156,107,149,23,65,1,1
191.0,82.0,0.375,332,188,68,76,0,12,0,1
186.0,82.0,0.125,45,13,9,23,0,14,1,0
171.0,74.0,0.0,371,177,78,116,34,76,3,1
184.0,82.0,0.125,377,245,66,66,177,39,1,1
178.0,71.0,0.25,253,102,64,87,6,45,1,6
189.0,89.0,0.125,201,84,43,74,6,40,2,1
176.0,74.0,0.0,172,70,46,56,2,13,0,1
179.0,77.0,0.0,213,112,42,59,20,47,0,1
185.0,82.0,0.125,149,78,37,34,8,27,1,0
187.0,76.0,0.25,285,105,83,97,5,36,2,2
183.0,70.0,0.25,310,94,97,119,76,15,0,1
181.0,69.0,0.125,138,63,40,35,5,15,1,0
172.0,69.0,0.5,276,175,54,47,14,33,3,0
190.0,80.0,0.25,141,62,41,38,0,14,0,0
191.0,80.0,0.5,175,71,56,48,52,15,1,0
181.0,77.0,0.125,311,117,82,112,20,92,4,0
184.0,82.0,0.5,290,109,69,112,12,70,4,5
188.0,87.0,0.5,224,75,55,94,1,24,0,0
187.0,83.0,1.0,371,177,87,107,12,61,1,1
184.0,79.0,0.875,132,43,45,44,0,3,0,0
186.0,77.0,0.0,227,98,51,78,64,15,0,0
177.0,69.0,0.25,192,84,39,69,10,31,0,0
182.0,80.0,0.0,455,181,103,171,24,104,1,0
187.0,80.0,0.0,168,70,36,62,8,35,1,0
177.0,69.0,0.25,261,123,64,74,39,15,0,1
188.0,85.0,0.0,184,72,46,66,7,17,1,0
184.0,80.0,0.375,302,130,76,96,16,65,0,3
183.0,84.0,0.375,265,140,57,68,15,42,3,0
189.0,86.0,0.0,276,119,54,103,25,15,0,1
190.0,87.0,0.25,451,194,101,156,41,44,0,0
174.0,78.0,0.0,228,99,56,73,24,37,2,0
196.0,94.0,0.125,180,60,52,68,0,11,0,1
182.0,74.0,0.25,394,172,95,127,96,58,2,1
180.0,77.0,0.75,248,91,65,92,5,41,1,0
174.0,73.0,1.0,146,59,51,36,20,1,0,0
188.0,87.0,0.75,184,79,53,52,12,46,1,1
183.0,76.0,0.375,161,68,27,66,44,8,0,0
189.0,85.0,0.125,53,31,9,13,0,2,0,0
182.0,73.0,0.25,345,146,105,94,19,37,0,4
172.0,63.0,0.5,194,68,47,79,26,8,0,0
190.0,83.0,0.0,242,142,52,48,11,37,1,1
184.0,74.0,0.125,129,61,38,30,1,36,0,1
186.0,73.0,0.125,395,182,116,97,0,6,0,2
173.0,69.0,0.375,158,68,38,52,1,43,2,2
173.0,67.0,0.25,103,45,15,43,17,12,0,0
177.0,72.0,0.0,102,34,25,43,15,5,0,0
180.0,76.0,0.5,296,196,61,39,49,32,0,0
172.0,62.0,1.0,223,94,50,79,32,27,1,2
174.0,64.0,1.0,128,62,40,26,2,19,0,1
193.0,85.0,0.0,31,19,1,11,2,2,0,0
187.0,83.0,0.5,357,166,90,101,95,43,0,1
170.0,65.0,0.125,77,23,20,34,6,5,0,0
185.0,84.0,0.0,800,525,136,139,0,23,1,1
180.0,69.0,0.25,274,94,71,109,75,21,1,3
191.0,91.0,0.0,145,58,32,55,51,14,0,1
183.0,72.0,0.0,119,52,26,41,6,14,2,0
170.0,65.0,0.125,574,400,106,68,58,47,0,0
181.0,77.0,0.25,125,60,28,37,9,33,1,4
178.0,74.0,0.0,84,37,16,31,2,17,0,0
190.0,76.0,0.0,76,27,22,27,0,1,0,1
191.0,81.0,0.0,322,135,72,115,0,21,0,0
182.0,75.0,0.125,455,180,106,169,34,55,1,0
179.0,70.0,0.375,260,105,62,93,5,76,1,5
181.0,74.0,0.125,43,30,6,7,6,4,0,0
176.0,74.0,0.25,163,99,30,34,41,16,2,0
202.0,94.0,1.0,25,4,10,11,0,2,0,0
187.0,75.0,0.125,176,71,45,60,1,55,1,0
186.0,82.0,0.0,475,225,102,148,152,38,2,1
181.0,74.0,0.125,89,38,17,34,2,17,0,0
187.0,80.0,0.125,249,123,59,67,67,28,3,0
184.0,75.0,0.125,390,202,84,104,70,41,2,0
190.0,84.0,0.125,131,46,37,48,43,20,0,0
183.0,85.0,0.0,383,204,92,87,122,26,0,0
174.0,63.0,0.125,246,99,55,92,43,25,1,2
183.0,75.0,0.375,155,69,36,50,26,19,0,0
168.0,64.0,0.25,69,24,16,29,0,10,1,2
188.0,70.0,0.5,151,73,38,40,11,17,0,1
170.0,65.0,0.0,165,93,28,44,11,25,1,1
185.0,72.0,0.125,46,16,9,21,4,6,0,0
188.0,80.0,0.0,99,44,28,27,0,7,0,1
176.0,74.0,0.0,123,29,26,68,7,19,2,1
180.0,77.0,0.25,139,58,21,60,6,18,0,0
175.0,71.0,0.0,311,159,73,79,46,22,1,0
181.0,69.0,0.0,120,59,29,32,2,26,0,2
188.0,83.0,0.0,335,117,93,125,17,54,1,1
180.0,70.0,0.125,141,48,42,51,15,16,1,0
170.0,67.0,0.25,537,265,121,151,55,60,0,1
191.0,74.0,0.0,201,77,45,79,7,19,1,1
185.0,83.0,0.25,758,408,175,175,4,96,0,3
189.0,81.0,0.0,246,98,52,96,16,40,1,0
195.0,82.0,0.125,143,75,31,37,7,18,0,0
180.0,75.0,0.125,113,52,19,42,10,22,0,0
189.0,87.0,0.25,156,77,33,46,0,10,0,0
181.0,77.0,0.0,324,160,76,88,21,46,3,1
186.0,76.0,0.0,205,82,47,76,29,18,1,0
180.0,72.0,0.125,282,125,55,102,50,31,0,1
189.0,79.0,0.0,361,200,73,88,40,66,1,1
181.0,78.0,0.0,125,57,20,48,5,26,1,0
201.0,97.0,0.0,69,31,19,19,7,16,0,0
197.0,96.0,0.0,116,46,34,36,10,20,0,0
192.0,90.0,0.25,215,82,50,83,0,16,0,0
183.0,72.0,0.25,488,197,146,145,33,51,1,1
186.0,89.0,0.75,347,138,82,127,93,39,2,5
181.0,74.0,0.125,238,92,50,96,10,74,1,0
186.0,82.0,0.125,251,158,42,51,14,66,1,2
179.0,77.0,0.125,231,87,66,78,92,39,1,1
177.0,72.0,0.5,66,29,15,22,3,11,2,0
178.0,73.0,0.0,112,45,26,41,8,36,2,0
190.0,81.0,0.0,357,184,71,102,30,92,2,3
174.0,69.0,0.375,28,16,2,10,2,2,0,0
182.0,73.0,0.25,120,47,30,43,0,9,0,0
174.0,74.0,0.25,493,309,100,84,5,111,6,3
187.0,78.0,0.25,246,139,45,62,50,22,2,1
179.0,77.0,0.25,333,125,91,117,10,95,1,3
168.0,60.0,0.25,490,286,106,98,165,36,1,2
180.0,78.0,0.75,162,59,45,58,3,19,3,2
178.0,81.0,0.5,307,130,74,103,31,45,1,3
182.0,76.0,0.875,91,33,23,35,14,7,0,1
172.0,65.0,0.875,436,191,127,118,31,68,2,2
183.0,75.0,0.25,266,104,73,89,14,61,3,3
178.0,84.0,0.75,442,231,94,117,132,55,0,0
193.0,86.0,0.25,129,60,34,35,0,3,0,0
193.0,86.0,0.0,224,112,46,66,16,20,1,0
185.0,78.0,0.25,401,162,93,146,36,69,2,2
186.0,76.0,0.125,358,151,91,116,8,47,0,0
174.0,61.0,0.25,325,154,91,80,6,40,0,1
192.0,83.0,0.0,392,160,116,116,23,64,1,0
182.0,73.0,0.25,358,174,85,99,53,66,1,1
172.0,71.0,0.25,252,89,87,76,9,30,1,1
183.0,77.0,0.25,418,203,110,105,6,97,2,0
170.0,65.0,0.75,563,256,133,174,225,52,2,3
179.0,76.0,0.25,422,189,108,125,44,49,0,1
184.0,81.0,0.25,359,166,82,111,27,122,9,1
173.0,64.0,0.5,363,140,81,142,16,34,1,0
192.0,90.0,0.75,359,215,70,74,7,66,2,5
186.0,72.0,1.0,94,36,18,40,1,12,1,0
182.0,70.0,0.375,216,75,60,81,0,63,2,2
172.0,64.0,0.0,457,252,74,131,41,50,0,1
182.0,78.0,0.375,235,80,69,86,17,63,1,0
175.0,70.0,0.25,411,243,81,87,55,12,1,0
180.0,74.0,0.625,333,142,95,96,65,42,0,0
167.0,70.0,0.25,103,52,27,24,17,12,0,0
172.0,70.0,0.25,299,154,72,73,6,75,2,1
180.0,76.0,0.5,552,245,149,158,74,41,2,3
168.0,62.0,0.0,233,113,57,63,11,25,1,0
173.0,64.0,0.0,588,298,144,146,76,74,0,1
191.0,80.0,0.125,350,195,74,81,0,10,0,0
195.0,85.0,0.125,41,22,4,15,0,1,0,0
193.0,89.0,0.625,226,114,44,68,26,23,1,1
180.0,69.0,0.0,167,58,53,56,3,22,1,0
180.0,75.0,0.75,130,42,35,53,28,18,0,0
191.0,83.0,0.75,240,127,50,63,2,26,1,0
190.0,80.0,0.25,223,87,56,80,14,38,1,0
183.0,75.0,0.0,226,89,53,84,6,23,1,1
185.0,77.0,0.0,722,365,152,205,62,36,0,1
184.0,69.0,0.875,89,34,18,37,4,15,0,2
185.0,79.0,0.0,53,31,8,14,29,8,1,0
188.0,86.0,0.75,351,205,78,68,6,64,1,3
190.0,75.0,0.125,593,337,127,129,20,37,0,1
193.0,97.0,0.0,175,62,55,58,0,5,0,1
184.0,75.0,0.0,696,436,140,120,64,97,2,3
179.0,82.0,0.75,427,183,101,143,88,33,0,2
180.0,72.0,0.25,472,269,99,104,37,87,4,1
188.0,83.0,0.5,472,242,121,109,33,30,0,0
181.0,73.0,0.25,289,128,66,95,104,36,2,5
176.0,67.0,0.0,163,77,33,53,35,17,0,0
179.0,72.0,0.25,235,85,65,85,10,40,2,1
172.0,74.0,0.5,92,52,19,21,5,13,1,1
183.0,82.0,0.5,9,4,1,4,0,1,0,0
183.0,76.0,0.75,125,49,29,47,23,10,0,0
176.0,56.0,0.875,315,135,73,107,45,21,1,0
179.0,77.0,0.0,191,80,47,64,44,5,0,0
178.0,69.0,0.75,51,10,17,24,4,5,0,0
171.0,65.0,0.375,114,45,28,41,22,22,1,3
186.0,78.0,0.25,130,49,33,48,0,27,0,1
190.0,84.0,0.5,375,149,122,104,2,86,5,5
188.0,77.0,0.0,255,150,44,61,9,27,0,3
182.0,81.0,0.875,162,67,42,53,24,24,2,1
182.0,67.0,0.125,252,117,52,83,22,26,0,1
170.0,69.0,0.125,249,133,56,60,21,57,1,1
184.0,80.0,0.375,117,51,17,49,1,39,1,1
189.0,87.0,0.375,76,25,21,30,0,2,0,0
188.0,87.0,0.25,186,71,38,77,81,16,0,2
178.0,69.0,0.5,168,74,43,51,10,18,1,2
191.0,74.0,0.25,139,71,32,36,9,20,0,0
182.0,77.0,0.0,133,45,34,54,2,28,2,1
179.0,73.0,0.0,231,121,51,59,49,24,1,0
179.0,72.0,0.25,58,27,8,23,2,7,0,0
177.0,68.0,0.25,130,45,26,59,14,15,0,0
184.0,82.0,0.0,253,113,67,73,4,17,1,0
185.0,82.0,0.125,252,93,63,96,14,52,1,4
170.0,63.0,0.125,182,68,50,64,9,23,3,1
191.0,80.0,0.375,95,30,24,41,27,9,0,1
184.0,81.0,1.0,263,124,60,79,86,17,1,0
180.0,74.0,0.625,106,40,28,38,11,4,0,0
170.0,66.0,0.25,325,163,69,93,5,74,1,3
179.0,77.0,0.375,202,66,59,77,36,26,2,0
180.0,76.0,0.375,536,181,145,210,118,46,0,3
172.0,67.0,0.25,84,48,15,21,3,6,0,0
176.0,68.0,0.25,82,25,17,40,3,9,0,2
181.0,71.0,0.25,132,61,32,39,9,16,1,0
185.0,80.0,0.25,284,90,74,120,20,69,2,1
192.0,87.0,0.0,66,27,18,21,3,5,0,0
183.0,78.0,0.375,487,207,127,153,10,121,7,8
180.0,72.0,0.0,366,164,89,113,19,61,1,1
179.0,72.0,0.625,92,31,18,43,4,5,0,0
179.0,70.0,0.25,245,85,55,105,19,62,4,1
170.0,63.0,0.375,90,34,22,34,16,9,1,0
183.0,82.0,0.25,252,105,67,80,5,49,4,1
185.0,74.0,0.0,174,95,31,48,39,19,0,0
177.0,69.0,0.125,141,65,30,46,5,22,0,1
183.0,73.0,0.25,133,62,28,43,6,8,0,0
188.0,83.0,0.0,193,95,49,49,50,14,2,0
190.0,78.0,0.125,238,105,52,81,20,41,0,0
186.0,73.0,0.25,205,72,52,81,39,12,0,0
168.0,65.0,0.25,129,36,43,50,14,9,0,0
181.0,73.0,0.25,338,109,104,125,10,40,1,1
183.0,72.0,0.625,350,179,79,92,107,33,1,1
186.0,79.0,0.125,411,239,89,83,0,17,0,3
185.0,76.0,0.625,222,107,49,66,10,37,2,1
181.0,78.0,0.75,158,78,30,50,42,19,0,1
193.0,80.0,0.0,524,171,137,216,0,28,0,4
180.0,76.0,0.5,303,129,99,75,57,31,0,1
186.0,78.0,0.0,496,317,102,77,161,44,2,0
192.0,76.0,0.75,109,39,23,47,13,27,2,1
181.0,70.0,0.25,217,67,54,96,11,40,1,0
175.0,65.0,0.25,111,49,28,34,16,12,1,0
183.0,76.0,0.5,124,48,30,46,24,15,0,0
187.0,79.0,0.125,431,280,81,70,185,10,0,0
184.0,85.0,0.75,117,38,34,45,9,21,2,2
190.0,86.0,0.25,325,133,82,110,21,54,2,3
181.0,75.0,0.25,278,117,65,96,28,38,2,0
183.0,77.0,0.25,172,62,44,66,34,18,0,0
188.0,78.0,1.0,367,127,82,158,91,16,0,2
178.0,70.0,0.0,8,0,2,6,0,2,0,0
181.0,76.0,0.0,188,86,40,62,33,13,2,0
170.0,64.0,0.0,284,118,84,82,102,7,0,0
186.0,72.0,0.0,315,177,66,72,54,33,0,1
182.0,75.0,0.125,335,154,89,92,79,36,0,2
185.0,90.0,0.25,132,67,23,42,13,30,1,1
175.0,70.0,0.125,110,44,35,31,12,19,1,0
180.0,77.0,0.75,134,52,34,48,3,14,0,0
189.0,83.0,0.0,174,76,40,58,0,5,0,2
194.0,80.0,0.0,156,67,39,50,7,24,1,2
179.0,74.0,0.25,180,73,40,67,58,25,0,1
176.0,75.0,0.5,61,20,17,24,2,14,1,0
178.0,64.0,0.5,168,98,35,35,5,14,0,1
175.0,69.0,0.625,299,121,64,114,37,63,1,0
171.0,65.0,0.25,332,141,75,116,38,7,0,2
191.0,84.0,0.25,153,50,42,61,0,14,0,3
191.0,94.0,1.0,178,69,42,67,56,5,0,0
186.0,78.0,0.125,449,249,86,114,277,43,2,2
174.0,68.0,0.75,40,8,10,22,5,4,0,0
196.0,83.0,0.25,78,27,20,31,0,3,0,1
178.0,74.0,0.25,192,120,34,38,15,28,0,0
181.0,76.0,0.0,98,55,15,28,22,17,1,0
183.0,76.0,1.0,518,295,129,94,20,44,2,1
182.0,78.0,0.25,225,91,52,82,14,21,0,0
184.0,79.0,0.0,87,40,18,29,5,7,1,1
172.0,74.0,0.25,462,246,99,117,225,56,1,3
180.0,73.0,0.75,217,97,52,68,8,27,0,0
178.0,73.0,0.25,226,113,59,54,5,32,0,0
183.0,85.0,0.0,140,75,24,41,13,34,2,1
185.0,78.0,0.0,175,68,38,69,10,26,1,2
188.0,75.0,0.125,264,83,69,112,34,42,0,1
181.0,74.0,1.0,74,26,20,28,0,16,1,0
173.0,70.0,0.75,267,112,76,79,7,42,2,0
184.0,77.0,0.0,277,128,65,84,26,32,1,0
180.0,78.0,0.25,247,96,55,96,39,58,2,0
198.0,100.0,0.0,129,60,27,42,0,4,0,0
183.0,73.0,0.875,123,38,33,52,13,17,2,0
196.0,88.0,0.0,153,62,32,59,12,10,0,0
166.0,68.0,0.25,151,60,36,55,3,41,2,0
170.0,62.0,0.25,273,101,89,83,2,15,1,0
185.0,75.0,0.0,247,135,52,60,20,36,2,3
184.0,76.0,0.25,32,12,4,16,0,1,0,0
178.0,76.0,0.125,256,85,70,101,9,76,3,4
170.0,74.0,0.25,460,205,118,137,34,52,1,0
188.0,79.0,0.0,446,184,111,151,0,29,0,4
188.0,81.0,0.125,172,84,31,57,22,33,3,2
190.0,81.0,0.375,154,52,39,63,10,33,0,1
186.0,71.0,1.0,256,95,60,101,13,37,3,2
172.0,68.0,0.0,406,184,101,121,56,42,0,0
169.0,67.0,0.25,45,26,6,13,11,4,0,0
176.0,72.0,0.0,253,125,52,76,54,25,0,0
177.0,64.0,0.0,345,115,105,125,20,58,0,2
188.0,81.0,0.375,44,11,16,17,0,15,0,0
182.0,74.0,0.25,45,14,15,16,0,1,0,2
169.0,67.0,0.0,497,337,96,64,386,40,0,1
175.0,72.0,0.125,324,172,79,73,152,33,0,1
180.0,79.0,0.25,168,94,30,44,31,12,0,0
195.0,94.0,0.0,379,161,81,137,131,21,0,0
185.0,72.0,0.0,205,77,46,82,56,38,3,1
184.0,66.0,0.625,259,104,73,82,89,14,0,3
182.0,72.0,0.375,167,63,38,66,9,32,1,1
189.0,75.0,0.0,50,21,10,19,0,1,0,0
184.0,75.0,1.0,441,201,116,124,122,20,0,1
179.0,74.0,0.25,286,159,60,67,11,49,2,2
183.0,81.0,0.25,98,37,22,39,5,15,0,1
182.0,75.0,0.25,54,25,13,16,12,5,0,0
177.0,72.0,0.375,144,65,32,47,10,21,1,2
186.0,81.0,0.0,43,17,10,16,1,5,0,0
178.0,78.0,0.25,160,64,42,54,13,21,1,1
164.0,62.0,0.25,603,294,151,158,133,45,0,3
171.0,68.0,0.25,379,144,117,118,48,48,0,4
182.0,81.0,0.125,397,209,87,101,234,84,0,2
187.0,80.0,0.75,258,159,44,55,13,63,6,1
174.0,65.0,0.0,352,189,80,83,34,41,0,0
180.0,80.0,0.0,474,234,98,142,186,56,1,2
194.0,86.0,0.125,77,57,9,11,0,3,0,0
178.0,73.0,0.25,151,65,42,44,23,9,1,0
184.0,80.0,0.375,167,71,41,55,7,26,2,1
190.0,84.0,0.0,104,60,15,29,0,1,0,0
184.0,78.0,0.0,286,137,67,82,23,10,0,0
183.0,78.0,0.25,449,165,113,171,9,67,0,0
177.0,68.0,0.375,76,26,13,37,3,15,2,1
188.0,86.0,0.0,197,92,40,65,64,14,0,0
183.0,76.0,1.0,413,227,97,89,29,74,3,0
184.0,77.0,0.75,432,256,99,77,38,70,2,2
187.0,80.0,0.125,158,50,40,68,6,32,1,1
180.0,72.0,0.25,245,111,62,72,8,26,1,2
187.0,82.0,1.0,216,104,61,51,11,23,0,4
185.0,79.0,1.0,169,70,36,63,65,21,1,1
175.0,72.0,0.375,198,75,43,80,5,50,0,1
185.0,77.0,0.125,283,103,70,110,53,26,0,2
187.0,83.0,1.0,171,52,59,60,35,16,2,0
189.0,87.0,0.0,421,194,99,128,35,56,1,0
174.0,65.0,0.0,239,90,56,93,8,68,5,4
193.0,92.0,0.25,424,273,70,81,0,12,0,0
176.0,80.0,0.375,438,196,104,138,2,50,1,1
170.0,70.0,0.25,236,105,44,87,17,40,1,1
184.0,77.0,0.875,213,97,49,67,4,37,3,1
189.0,85.0,0.125,177,85,45,47,0,10,0,0
182.0,81.0,0.875,333,132,88,113,56,8,0,1
181.0,78.0,0.0,191,61,53,77,3,43,1,1
188.0,76.0,0.125,169,76,39,54,6,13,0,1
183.0,76.0,0.25,337,154,105,78,6,56,0,7
171.0,64.0,0.0,37,16,6,15,11,9,0,0
184.0,71.0,0.25,165,54,52,59,4,28,1,1
188.0,80.0,0.125,200,71,48,81,2,34,0,1
194.0,85.0,0.125,185,75,46,64,0,6,0,0
174.0,73.0,0.0,217,74,60,83,9,37,1,0
186.0,82.0,0.0,167,76,36,55,11,24,1,1
184.0,75.0,0.25,366,163,79,124,22,23,1,0
181.0,74.0,0.0,261,149,60,52,4,31,1,1
191.0,89.0,0.0,327,145,76,106,30,32,0,0
192.0,81.0,0.5,25,12,5,8,0,7,0,1
183.0,78.0,0.375,509,250,130,129,20,144,10,4
180.0,75.0,0.25,240,86,63,91,13,25,0,0
175.0,71.0,0.125,201,109,32,60,20,55,1,1
186.0,78.0,0.0,134,71,28,35,16,23,0,0
180.0,67.0,0.0,270,126,60,84,98,35,0,0
190.0,75.0,0.0,252,91,67,94,19,53,1,1
176.0,74.0,0.25,118,38,28,52,21,8,0,0
165.0,60.0,0.25,144,86,28,30,2,40,4,1
187.0,87.0,0.5,137,53,41,43,3,25,0,0
184.0,76.0,0.25,241,119,52,70,94,26,0,1
186.0,83.0,0.0,9,3,0,6,0,1,0,0
177.0,69.0,0.75,252,118,65,69,8,38,0,1
178.0,75.0,0.5,160,63,33,64,3,30,5,1
189.0,88.0,1.0,253,136,63,54,101,76,5,3
189.0,84.0,0.0,328,139,70,119,23,46,1,0
176.0,64.0,0.25,213,140,41,32,67,10,0,1
189.0,88.0,0.25,453,254,86,113,251,36,1,0
187.0,84.0,0.25,282,162,53,67,122,52,1,1
188.0,80.0,0.375,221,122,45,54,10,61,2,0
180.0,70.0,0.125,318,129,71,118,37,61,3,0
194.0,85.0,0.25,718,277,183,258,0,12,0,1
181.0,78.0,0.0,140,67,31,42,1,32,3,1
192.0,83.0,0.125,213,79,51,83,44,26,2,2
189.0,75.0,0.25,288,127,90,71,21,30,2,2
170.0,63.0,0.125,276,119,70,87,33,28,0,0
181.0,82.0,0.125,300,124,73,103,41,52,0,1
189.0,92.0,0.25,228,89,50,89,0,6,0,0
185.0,76.0,0.25,337,147,69,121,90,36,1,0
185.0,70.0,0.25,398,174,105,119,95,63,2,2
194.0,85.0,0.25,324,147,93,84,51,81,4,2
180.0,76.0,0.25,413,179,86,148,11,93,1,1
194.0,85.0,0.0,247,113,50,84,15,19,1,0
184.0,80.0,0.25,461,270,95,96,31,102,2,5
185.0,73.0,0.0,325,130,69,126,96,38,3,0
191.0,77.0,0.125,73,41,15,17,3,6,0,0
190.0,79.0,0.0,275,125,51,99,30,69,2,0
174.0,74.0,0.375,129,80,23,26,3,17,0,0
191.0,81.0,0.0,347,165,84,98,22,69,1,1
190.0,83.0,0.25,435,178,112,145,22,70,4,5
185.0,75.0,0.5,241,101,56,84,8,33,2,2
188.0,75.0,0.0,97,48,20,29,41,12,0,0
171.0,63.0,0.25,213,83,52,78,10,35,0,0
181.0,76.0,0.125,136,48,36,52,5,23,0,0
192.0,89.0,0.25,89,54,16,19,0,2,0,3
184.0,73.0,0.25,170,60,43,67,18,29,2,0
170.0,61.0,0.0,369,203,77,89,94,31,0,0
188.0,76.0,0.125,370,172,108,90,40,43,0,1
174.0,66.0,0.0,196,61,61,74,11,14,1,0
187.0,79.0,0.125,99,52,23,24,4,16,0,0
192.0,90.0,0.25,319,181,74,64,32,36,0,1
188.0,84.0,0.5,59,22,13,24,3,7,0,0
178.0,67.0,0.125,414,163,100,151,35,29,1,1
178.0,73.0,0.25,435,159,101,175,54,41,0,1
185.0,72.0,0.125,449,181,110,158,18,46,0,2
188.0,85.0,0.0,133,61,32,40,27,11,0,0
186.0,83.0,0.25,76,40,17,19,3,10,0,0
178.0,71.0,0.0,157,71,34,52,1,25,2,0
179.0,75.0,0.25,326,147,89,90,4,73,3,4
193.0,86.0,0.25,346,143,86,117,9,58,3,3
167.0,58.0,0.0,333,156,83,94,37,35,0,0
183.0,85.0,0.875,216,110,48,58,19,37,2,1
190.0,86.0,0.0,116,50,32,34,0,1,0,1
180.0,82.0,0.25,258,116,46,96,57,18,0,0
190.0,84.0,0.625,196,73,49,74,39,7,0,0
186.0,76.0,0.125,192,96,43,53,9,42,3,0
183.0,74.0,0.0,104,64,22,18,33,16,0,1
180.0,81.0,0.0,178,85,43,50,60,30,1,1
175.0,73.0,0.25,426,293,82,51,20,26,0,0
180.0,85.0,0.875,316,105,78,133,9,48,1,2
178.0,71.0,0.25,226,71,56,99,5,40,2,1
175.0,68.0,0.5,14,8,5,1,0,1,0,0
180.0,79.0,0.25,171,67,47,57,31,26,0,0
185.0,77.0,0.25,143,63,24,56,2,30,0,0
189.0,84.0,0.0,239,88,67,84,8,45,5,0
183.0,76.0,0.125,418,260,82,76,76,28,0,3
179.0,69.0,0.0,276,100,78,98,79,17,0,1
180.0,83.0,1.0,271,137,46,88,12,35,0,0
186.0,74.0,0.0,611,338,126,147,29,46,1,0
188.0,76.0,0.125,415,194,108,113,17,68,1,4
177.0,85.0,1.0,495,294,100,101,59,89,5,2
170.0,70.0,0.25,312,125,73,114,39,29,1,1
184.0,74.0,0.625,200,71,52,77,0,25,0,1
173.0,70.0,0.125,531,262,128,141,244,13,1,0
190.0,92.0,0.25,271,129,65,77,0,19,0,0
185.0,78.0,0.0,155,71,38,46,9,17,1,0
183.0,77.0,0.125,389,165,89,135,29,51,0,0
193.0,79.0,0.0,283,89,80,114,17,42,1,1
184.0,76.0,0.0,249,114,64,71,27,32,1,1
177.0,71.0,0.625,297,127,87,83,65,27,1,0
183.0,72.0,0.125,130,48,24,58,1,42,1,3
180.0,73.0,0.25,134,60,34,40,20,26,1,1
186.0,76.0,0.75,86,33,19,34,2,8,0,0
184.0,80.0,0.125,703,299,192,212,0,13,0,1
177.0,72.0,0.25,231,75,61,95,9,46,1,3
184.0,76.0,0.25,202,96,37,69,1,41,2,1
180.0,79.0,0.125,195,66,51,78,30,16,1,1
185.0,85.0,0.0,379,149,95,135,92,17,1,2
193.0,93.0,0.25,205,55,50,100,0,5,0,3
176.0,69.0,0.0,427,216,99,112,64,66,2,3
190.0,79.0,0.125,216,85,61,70,6,52,4,1
178.0,75.0,0.375,201,73,54,74,19,33,1,0
186.0,76.0,0.0,247,135,48,64,33,33,0,0
185.0,81.0,0.25,282,110,86,86,7,49,2,2
175.0,65.0,0.0,194,98,52,44,30,31,0,1
189.0,88.0,0.125,377,143,106,128,17,135,6,2
186.0,76.0,0.5,326,183,76,67,16,68,4,2
192.0,81.0,0.0,60,35,10,15,0,3,0,1
185.0,81.0,0.0,365,172,84,109,147,21,0,1
185.0,76.0,0.875,217,64,51,102,50,25,1,2
187.0,89.0,0.5,61,14,18,29,0,6,0,0
191.0,81.0,1.0,319,179,63,77,9,82,6,1
182.0,82.0,0.25,223,83,44,96,74,8,0,0
185.0,85.0,0.25,215,84,59,72,7,64,4,1
176.0,65.0,0.875,2,0,0,2,0,0,0,0
190.0,82.0,0.5,83,64,11,8,40,14,0,0
176.0,68.0,0.25,250,85,79,86,20,50,0,1
176.0,66.0,0.25,138,72,32,34,9,15,1,1
176.0,65.0,1.0,233,102,56,75,2,31,1,3
177.0,64.0,0.5,415,188,94,133,57,34,0,3
187.0,83.0,1.0,277,103,73,101,27,39,1,0
171.0,70.0,0.25,439,165,114,160,13,70,1,2
189.0,82.0,0.125,219,78,55,86,0,11,0,2
169.0,63.0,0.0,242,116,50,76,36,38,0,1
175.0,73.0,0.25,77,33,22,22,5,12,0,0
168.0,67.0,0.75,160,61,37,62,14,24,0,0
175.0,70.0,0.25,308,116,75,117,13,58,2,0
179.0,75.0,0.0,57,36,11,10,0,11,0,0
198.0,89.0,0.625,331,167,71,93,46,46,0,2
180.0,82.0,1.0,248,109,57,82,66,43,1,1
175.0,66.0,0.5,343,214,64,65,61,27,0,3
186.0,80.0,0.375,192,71,42,79,19,31,1,3
177.0,70.0,0.5,162,58,36,68,7,39,0,1
183.0,78.0,0.875,229,96,57,76,11,8,0,1
184.0,75.0,0.375,135,43,40,52,25,20,1,1
178.0,73.0,0.25,461,209,107,145,113,75,1,2
171.0,65.0,0.5,213,84,59,70,4,22,1,2
185.0,84.0,0.25,132,44,34,54,7,18,0,1
188.0,82.0,0.0,367,237,64,66,26,71,5,4
181.0,70.0,0.25,335,132,86,117,90,41,1,1
193.0,88.0,0.125,300,169,66,65,24,32,1,1
183.0,75.0,0.0,180,69,31,80,37,31,1,0
175.0,67.0,0.0,433,183,103,147,14,25,0,2
188.0,78.0,0.125,106,38,24,44,36,4,0,0
174.0,65.0,0.25,14,6,5,3,0,1,0,0
173.0,66.0,0.0,250,101,66,83,59,43,0,0
185.0,77.0,0.25,228,83,69,76,0,4,0,2
191.0,81.0,0.25,254,89,92,73,56,49,0,0
182.0,76.0,0.75,287,101,84,102,11,25,2,0
180.0,77.0,0.75,239,93,67,79,3,32,0,1
185.0,78.0,0.125,408,116,116,176,0,12,0,4
186.0,84.0,0.0,282,144,71,67,109,32,1,0
183.0,74.0,0.25,168,62,46,60,31,3,0,0
185.0,77.0,0.125,145,71,33,41,10,6,0,0
188.0,84.0,0.0,87,41,21,25,0,1,0,0
188.0,75.0,0.125,206,90,49,67,11,26,1,1
181.0,73.0,0.0,153,75,30,48,22,19,0,1
190.0,87.0,0.25,497,192,125,180,29,67,2,2
180.0,72.0,0.0,156,69,40,47,1,37,2,1
190.0,82.0,0.125,15,3,2,10,0,0,0,0
188.0,80.0,0.25,223,85,52,86,80,16,0,0
169.0,68.0,0.125,204,62,58,84,70,16,0,0
185.0,80.0,0.125,95,56,15,24,3,15,0,0
182.0,78.0,0.25,169,75,52,42,47,26,1,0
178.0,72.0,0.25,56,18,15,23,0,18,1,0
179.0,65.0,0.0,316,176,65,75,38,26,1,0
176.0,67.0,1.0,371,161,97,113,124,20,0,1
188.0,70.0,0.75,127,42,23,62,27,17,1,0
186.0,83.0,0.25,229,125,35,69,11,39,1,2
172.0,76.0,0.125,59,26,14,19,12,4,0,1
194.0,95.0,0.5,330,176,73,81,26,54,5,3
178.0,66.0,0.25,120,44,28,48,2,27,0,0
187.0,86.0,0.25,414,165,103,146,0,11,0,0
187.0,80.0,0.25,214,91,51,72,0,1,0,0
187.0,80.0,0.125,328,132,91,105,24,60,2,1
183.0,70.0,0.0,222,85,52,85,12,17,0,0
175.0,77.0,0.25,200,101,39,60,3,16,1,0
185.0,86.0,0.75,200,86,52,62,68,18,0,3
183.0,75.0,0.0,459,176,123,160,21,64,1,0
177.0,70.0,0.75,229,88,65,76,2,54,3,1
175.0,65.0,0.125,152,39,41,72,2,20,1,0
177.0,67.0,1.0,142,53,45,44,1,38,3,1
182.0,79.0,0.25,96,53,25,18,2,20,0,1
180.0,75.0,0.125,251,84,76,91,17,64,3,3
181.0,82.0,0.0,247,135,52,60,11,18,0,0
180.0,71.0,0.375,403,155,113,135,71,39,0,1
186.0,76.0,0.0,42,19,12,11,3,11,0,0
163.0,63.0,0.0,266,110,72,84,48,31,1,0
174.0,70.0,0.25,91,34,22,35,8,13,1,0
173.0,69.0,0.25,436,219,103,114,18,100,4,2
174.0,71.0,0.375,77,34,22,21,24,7,0,0
173.0,73.0,0.25,158,71,32,55,3,40,3,1
184.0,83.0,0.375,387,192,80,115,1,39,0,2
180.0,70.0,0.25,246,100,74,72,11,32,2,1
190.0,80.0,1.0,54,24,9,21,2,5,0,0
181.0,75.0,1.0,251,105,65,81,5,57,6,1
190.0,74.0,1.0,42,17,8,17,1,8,0,1
183.0,73.0,1.0,230,81,49,100,97,25,0,1
175.0,77.0,0.0,210,72,58,80,0,71,1,1
180.0,74.0,0.375,237,105,54,78,23,52,1,0
175.0,76.0,0.75,582,352,119,111,12,88,2,2
193.0,87.0,0.0,70,45,14,11,0,0,0,0
172.0,68.0,0.0,247,91,62,94,30,54,2,0
182.0,81.0,0.0,282,127,69,86,140,21,0,1
179.0,69.0,0.125,206,94,46,66,41,22,0,0
179.0,71.0,0.25,304,109,81,114,9,77,1,2
187.0,87.0,0.5,315,155,68,92,19,24,1,0
187.0,85.0,0.125,67,34,18,15,0,2,0,0
181.0,73.0,0.0,96,56,19,21,22,8,0,1
191.0,81.0,0.25,404,133,95,176,31,89,5,1
170.0,72.0,0.0,736,449,156,131,150,146,6,3
178.0,72.0,0.0,298,102,72,124,12,49,0,1
188.0,86.0,0.75,198,63,54,81,13,30,3,1
182.0,76.0,0.5,300,195,53,52,2,22,0,0
193.0,86.0,0.25,162,66,42,54,9,25,1,1
185.0,76.0,0.0,294,129,68,97,95,44,3,1
183.0,72.0,0.25,198,71,40,87,30,35,1,1
174.0,72.0,0.25,221,78,57,86,5,43,4,3
189.0,79.0,0.25,43,10,18,15,3,2,0,0
175.0,72.0,0.5,162,57,41,64,23,30,0,0
169.0,64.0,0.125,302,222,46,34,99,23,0,0
178.0,72.0,1.0,475,197,122,156,106,17,1,0
181.0,73.0,0.25,199,75,59,65,1,33,2,0
195.0,89.0,0.875,182,64,46,72,41,14,0,0
188.0,92.0,0.25,647,340,159,148,0,25,0,2
188.0,81.0,0.25,347,235,53,59,17,86,4,3
198.0,85.0,0.0,518,281,112,125,34,25,1,3
190.0,87.0,0.25,152,59,39,54,13,19,0,1
175.0,74.0,0.0,223,100,54,69,12,16,0,0
202.0,80.0,0.0,525,232,134,159,163,31,2,2
190.0,75.0,0.0,106,65,11,30,0,2,0,0
182.0,75.0,0.5,385,155,105,125,103,43,1,2
197.0,87.0,0.25,665,385,140,140,0,9,0,1
180.0,77.0,0.125,187,85,44,58,18,24,0,1
180.0,73.0,0.375,278,100,63,115,12,56,3,0
180.0,83.0,0.25,509,241,131,137,27,25,0,2
180.0,71.0,0.0,160,84,36,40,5,24,0,0
180.0,75.0,0.25,701,392,155,154,12,111,2,1
174.0,71.0,0.25,153,61,37,55,5,34,1,0
174.0,69.0,0.0,119,54,28,37,25,4,0,0
170.0,66.0,0.25,615,397,108,110,20,46,0,0
194.0,88.0,0.0,191,89,33,69,10,28,0,0
190.0,84.0,0.0,274,133,67,74,12,45,1,2
185.0,78.0,0.125,120,44,31,45,3,30,0,0
185.0,82.0,0.0,229,110,46,73,0,17,0,1
168.0,73.0,0.25,422,208,96,118,53,37,1,0
192.0,85.0,0.0,380,268,71,41,29,77,4,4
178.0,68.0,0.0,260,113,57,90,8,50,1,1
184.0,77.0,0.0,59,19,12,28,1,12,0,1
174.0,69.0,0.0,210,81,47,82,53,46,0,0
172.0,66.0,0.0,131,37,41,53,21,14,2,0
170.0,63.0,0.5,69,23,14,32,5,3,1,0
178.0,63.0,0.125,69,21,20,28,12,3,0,0
179.0,73.0,0.25,442,146,111,185,24,144,3,3
178.0,80.0,0.0,655,421,134,100,20,119,2,1
177.0,72.0,0.375,344,192,75,77,210,54,0,2
180.0,78.0,0.125,203,74,56,73,2,46,1,0
183.0,72.0,0.375,162,52,41,69,4,46,2,1
176.0,74.0,0.125,572,319,118,135,185,78,1,4
173.0,80.0,0.25,169,112,26,31,7,33,2,1
172.0,68.0,0.25,340,200,62,78,16,80,2,2
172.0,65.0,0.75,121,45,30,46,23,20,0,1
185.0,79.0,0.0,351,126,77,148,8,38,0,2
170.0,69.0,0.75,89,51,15,23,16,9,0,0
196.0,93.0,0.0,115,54,20,41,0,3,0,2
181.0,68.0,0.625,43,19,12,12,0,2,1,0
180.0,64.0,1.0,362,212,66,84,51,85,7,1
188.0,82.0,0.25,212,76,48,88,14,38,2,2
188.0,83.0,0.375,88,33,19,36,2,14,0,0
192.0,83.0,1.0,57,15,14,28,2,10,1,0
193.0,85.0,0.125,158,65,39,54,30,18,0,1
190.0,92.0,0.25,379,143,89,147,0,31,0,0
191.0,78.0,0.5,106,65,19,22,9,5,0,0
190.0,86.0,0.25,164,44,41,79,0,3,0,1
192.0,70.0,0.0,165,94,26,45,40,7,0,0
190.0,82.0,0.0,392,242,71,79,10,68,1,3
183.0,81.0,0.125,403,212,84,107,59,106,3,3
183.0,74.0,0.25,89,23,25,41,0,12,0,1
196.0,86.0,0.0,20,5,11,4,0,1,0,0
183.0,74.0,0.25,90,37,15,38,6,18,1,0
180.0,74.0,1.0,186,56,62,68,8,28,1,0
171.0,62.0,0.0,131,49,37,45,29,16,0,0
184.0,72.0,0.0,116,58,27,31,0,9,2,0
191.0,87.0,0.0,311,121,93,97,24,71,2,7
180.0,78.0,0.0,254,94,80,80,23,32,2,0
191.0,87.0,0.25,286,123,56,107,0,17,0,0
176.0,73.0,0.125,509,246,122,141,81,75,5,5
182.0,79.0,0.25,427,281,87,59,19,82,3,1
183.0,80.0,0.25,246,102,64,80,21,50,7,4
180.0,77.0,0.375,148,69,34,45,9,8,1,0
188.0,79.0,0.625,187,64,46,77,42,13,0,0
188.0,95.0,0.0,593,224,157,212,16,94,6,6
194.0,90.0,0.0,83,37,13,33,0,6,1,2
185.0,76.0,0.0,139,35,37,67,0,9,0,1
187.0,84.0,0.0,304,113,75,116,67,39,3,0
189.0,82.0,0.25,726,431,146,149,16,51,1,0
171.0,64.0,0.75,412,192,126,94,7,43,0,1
195.0,94.0,0.0,221,88,48,85,52,24,1,0
179.0,70.0,0.0,167,72,44,51,30,25,0,0
194.0,88.0,0.0,112,52,24,36,0,1,0,0
188.0,77.0,0.25,504,197,119,188,0,4,0,2
187.0,80.0,0.0,333,134,87,112,25,69,1,2
184.0,78.0,0.0,318,180,72,66,157,31,0,1
179.0,75.0,0.125,109,34,27,48,17,9,0,0
182.0,78.0,0.125,186,69,46,71,17,16,1,2
183.0,74.0,0.0,169,78,33,58,18,26,3,0
180.0,76.0,0.5,116,37,30,49,38,19,0,0
178.0,76.0,0.25,190,74,45,71,6,37,5,0
181.0,78.0,0.375,148,55,35,58,0,24,0,1
192.0,76.0,0.125,178,87,26,65,0,16,0,0
183.0,71.0,0.25,509,305,110,94,236,72,2,3
186.0,78.0,0.75,354,133,107,114,7,41,0,4
192.0,85.0,0.375,70,30,15,25,0,19,1,0
192.0,81.0,0.0,289,120,75,94,23,46,3,4
180.0,71.0,1.0,217,66,63,88,29,24,2,0
184.0,71.0,0.25,241,104,68,69,8,21,0,0
178.0,70.0,0.125,351,129,104,118,7,59,1,1
190.0,83.0,0.125,262,139,54,69,18,29,2,0
188.0,85.0,0.25,414,206,95,113,0,29,0,3
187.0,88.0,0.75,365,143,87,135,45,64,1,3
193.0,95.0,0.75,211,103,45,63,79,12,1,0
188.0,83.0,0.125,174,74,39,61,0,10,0,1
189.0,80.0,0.125,249,118,60,71,12,27,1,0
186.0,77.0,0.25,168,50,43,75,0,2,0,2
178.0,75.0,0.375,222,106,55,61,45,30,2,1
183.0,78.0,0.0,140,57,32,51,4,20,1,0
191.0,83.0,0.5,533,250,133,150,134,17,0,0
183.0,81.0,0.125,494,171,133,190,26,57,2,4
193.0,85.0,0.0,116,31,31,54,0,5,0,1
174.0,62.0,0.5,232,68,72,92,25,26,0,0
187.0,83.0,0.0,173,59,47,67,7,42,3,0
172.0,69.0,0.25,349,121,88,140,126,29,0,1
171.0,72.0,0.75,81,33,18,30,7,14,0,0
190.0,87.0,0.625,61,19,16,26,0,5,0,0
182.0,68.0,0.0,95,45,24,26,4,11,0,0
178.0,72.0,0.25,111,37,34,40,1,46,1,0
178.0,70.0,0.0,235,75,66,94,6,55,2,0
181.0,73.0,0.5,85,26,23,36,8,11,0,0
172.0,59.0,0.25,213,64,57,92,29,15,1,0
179.0,85.0,0.625,224,88,61,75,4,31,0,0
175.0,71.0,0.125,79,23,22,34,12,8,0,0
183.0,75.0,0.0,16,4,2,10,2,1,0,0
188.0,84.0,0.25,276,102,73,101,16,29,2,1
183.0,76.0,0.0,286,109,77,100,20,59,2,2
184.0,77.0,0.75,454,273,99,82,148,22,0,0
175.0,70.0,0.25,18,6,4,8,0,1,0,0
178.0,70.0,0.25,189,72,48,69,30,42,1,0
190.0,80.0,0.25,230,127,48,55,0,10,0,0
191.0,85.0,0.0,48,11,18,19,0,4,0,0
189.0,85.0,0.25,354,216,68,70,36,50,1,0
177.0,75.0,0.0,444,234,102,108,65,36,0,1
187.0,83.0,0.25,152,68,36,48,8,33,1,2
186.0,77.0,0.0,180,84,37,59,20,44,0,1
187.0,75.0,0.5,198,104,41,53,10,42,0,0
168.0,66.0,0.25,466,255,98,113,76,39,0,0
185.0,79.0,0.0,247,89,58,100,121,17,0,0
174.0,70.0,0.25,417,169,89,159,13,43,0,0
179.0,72.0,0.0,116,55,21,40,5,14,1,4
176.0,70.0,0.125,135,45,40,50,15,15,1,0
175.0,69.0,0.0,465,180,113,172,30,101,3,2
177.0,64.0,0.75,215,86,52,77,47,5,0,0
183.0,82.0,0.125,116,70,23,23,15,25,0,0
191.0,85.0,0.0,188,90,51,47,6,22,1,1
196.0,85.0,0.125,124,77,22,25,7,26,1,0
168.0,69.0,0.0,201,82,48,71,33,19,0,2
183.0,78.0,0.0,268,98,65,105,54,14,0,0
179.0,72.0,0.0,238,103,61,74,11,17,0,0
188.0,80.0,0.0,459,236,107,116,35,89,3,3
190.0,85.0,0.0,182,56,48,78,12,39,1,1
178.0,70.0,0.0,397,166,95,136,42,58,0,0
188.0,73.0,0.0,124,40,28,56,0,3,0,0
190.0,88.0,0.0,152,66,37,49,44,19,1,2
194.0,85.0,0.125,247,95,53,99,18,38,1,1
179.0,67.0,0.0,150,62,39,49,7,21,0,1
177.0,72.0,0.0,208,82,58,68,21,37,0,0
172.0,78.0,0.0,171,59,35,77,22,25,2,1
187.0,84.0,1.0,231,66,67,98,6,17,1,3
186.0,64.0,0.25,256,85,82,89,25,57,1,3
180.0,67.0,0.125,281,88,79,114,27,34,0,2
183.0,76.0,0.125,365,185,92,88,23,37,0,2
180.0,81.0,0.25,339,136,81,122,90,77,4,2
181.0,78.0,1.0,3,0,2,1,0,1,0,0
180.0,83.0,0.0,175,74,41,60,36,13,2,0
186.0,75.0,0.25,292,142,58,92,16,45,0,3
188.0,78.0,0.25,132,51,32,49,5,35,2,4
179.0,75.0,0.125,29,19,3,7,0,0,0,1
176.0,67.0,0.125,89,34,23,32,5,16,1,0
174.0,72.0,0.25,313,111,88,114,73,41,2,2
183.0,75.0,0.0,547,368,81,98,58,151,12,7
185.0,76.0,0.25,174,66,46,62,5,53,3,1
180.0,75.0,0.5,57,16,12,29,1,19,0,0
173.0,69.0,0.125,292,159,47,86,57,14,0,0
168.0,64.0,1.0,460,210,111,139,58,22,1,0
179.0,76.0,0.5,126,52,32,42,31,18,2,2
188.0,84.0,0.0,665,272,180,213,0,20,0,1
172.0,63.0,0.25,193,116,35,42,58,9,0,0
173.0,70.0,0.25,261,119,58,84,89,18,0,0
176.0,72.0,0.75,224,97,78,49,9,51,5,1
175.0,72.0,0.875,473,250,126,97,73,55,3,0
174.0,71.0,0.25,251,119,64,68,61,29,1,0
178.0,72.0,0.25,141,61,37,43,3,30,1,0
170.0,64.0,0.25,479,225,108,146,94,56,3,1
178.0,72.0,0.25,411,143,99,169,41,22,1,0
196.0,96.0,0.25,462,178,109,175,0,25,0,1
190.0,82.0,0.0,244,107,63,74,10,44,1,1
185.0,78.0,0.25,203,74,51,78,0,11,0,0
191.0,83.0,0.0,501,241,100,160,67,40,0,1
184.0,76.0,0.0,180,71,44,65,15,32,6,1
168.0,68.0,0.25,179,69,42,68,12,31,1,0
191.0,88.0,0.0,134,58,33,43,4,19,0,2
178.0,73.0,0.25,237,103,58,76,9,35,2,1
178.0,71.0,0.5,187,71,48,68,25,31,3,0
185.0,82.0,0.25,260,128,60,72,8,62,7,1
179.0,72.0,0.0,317,148,67,102,149,80,0,3
178.0,65.0,0.0,53,23,9,21,12,6,0,0
193.0,88.0,0.25,284,125,74,85,18,49,3,3
189.0,78.0,0.375,161,55,56,50,41,8,0,1
174.0,72.0,0.875,334,139,93,102,56,27,0,0
185.0,74.0,1.0,428,185,103,140,18,76,3,3
186.0,82.0,0.0,205,81,51,73,60,26,0,1
173.0,72.0,0.25,578,234,148,196,70,48,0,0
185.0,72.0,0.0,226,85,56,85,48,37,1,1
180.0,72.0,0.0,144,82,20,42,19,24,3,1
192.0,86.0,0.0,144,65,34,45,12,19,1,0
191.0,80.0,0.0,412,186,82,144,149,42,0,2
189.0,83.0,0.0,237,121,54,62,12,51,0,0
185.0,82.0,0.125,335,117,76,142,83,31,0,0
190.0,82.0,0.25,52,25,14,13,2,10,0,0
171.0,65.0,0.0,199,78,52,69,3,10,0,1
192.0,80.0,0.25,171,85,41,45,4,28,0,0
188.0,82.0,0.0,252,102,55,95,0,5,0,0
178.0,71.0,0.0,241,92,72,77,14,36,1,1
180.0,75.0,0.125,102,36,31,35,17,7,0,0
170.0,68.0,0.25,229,103,50,76,9,49,4,0
189.0,82.0,0.875,302,132,85,85,18,77,2,6
172.0,72.0,0.75,303,101,89,113,41,38,0,5
175.0,68.0,0.25,270,96,62,112,31,19,0,1
181.0,77.0,0.25,290,111,70,109,2,22,0,1
183.0,77.0,0.0,400,159,107,134,16,71,1,1
185.0,82.0,0.875,350,167,86,97,0,10,1,1
191.0,76.0,0.625,186,63,43,80,12,12,0,0
172.0,69.0,0.125,491,206,112,173,9,73,5,1
170.0,60.0,0.0,443,189,115,139,39,21,0,0
188.0,83.0,0.0,765,418,176,171,194,76,4,3
175.0,72.0,0.0,324,165,68,91,76,43,0,0
176.0,66.0,0.5,421,203,109,109,45,64,3,1
180.0,75.0,0.5,266,97,71,98,19,50,0,1
178.0,70.0,0.25,399,187,90,122,57,67,2,2
186.0,87.0,0.125,387,191,79,117,28,47,2,1
182.0,70.0,0.125,481,188,121,172,44,12,0,0
180.0,77.0,0.25,465,234,112,119,52,74,1,0
195.0,86.0,0.125,69,29,18,22,0,1,0,0
179.0,68.0,0.0,293,116,70,107,42,40,2,0
185.0,72.0,0.0,258,131,63,64,8,34,0,0
185.0,79.0,0.25,198,69,50,79,68,33,1,1
189.0,80.0,0.25,265,109,59,97,0,18,0,0
182.0,82.0,0.0,494,206,133,155,20,64,3,5
191.0,85.0,0.875,562,220,145,197,11,51,1,1
184.0,80.0,0.25,286,95,87,104,7,68,1,0
172.0,64.0,0.5,170,60,48,62,20,10,0,0
173.0,72.0,0.0,297,127,67,103,61,50,2,2
169.0,59.0,0.375,151,63,33,55,27,17,2,0
178.0,69.0,0.5,104,45,18,41,23,5,0,0
170.0,67.0,0.25,348,129,89,130,59,40,1,0
180.0,78.0,0.0,162,77,28,57,44,7,0,0
184.0,80.0,0.0,154,67,37,50,18,26,0,1
170.0,68.0,0.5,355,204,75,76,82,13,0,0
181.0,71.0,0.625,194,81,48,65,11,15,0,0
186.0,75.0,0.25,349,210,77,62,37,92,3,9
183.0,79.0,0.25,304,172,78,54,21,28,0,2
172.0,71.0,0.5,164,125,21,18,20,16,1,0
199.0,88.0,0.25,210,130,47,33,0,6,0,1
180.0,75.0,0.875,134,67,25,42,5,12,1,0
183.0,72.0,0.0,275,117,60,98,32,23,0,2
191.0,82.0,0.0,354,151,76,127,25,42,1,2
186.0,74.0,0.125,355,243,59,53,142,17,1,0
195.0,89.0,0.25,511,196,135,180,0,10,0,0
180.0,73.0,0.0,347,193,57,97,27,54,1,3
184.0,83.0,0.25,317,136,75,106,17,56,0,0
183.0,71.0,0.0,390,230,85,75,36,92,0,2
183.0,75.0,0.0,154,82,34,38,19,12,0,1
195.0,88.0,0.25,515,251,129,135,1,18,0,1
188.0,74.0,0.25,180,77,35,68,0,12,0,1
193.0,100.0,0.25,387,163,84,140,0,27,1,3
186.0,79.0,0.0,595,322,125,148,68,46,0,1
182.0,83.0,0.25,177,82,38,57,21,45,2,0
186.0,80.0,0.0,438,200,99,139,0,14,0,0
185.0,77.0,0.0,80,19,30,31,9,28,1,0
181.0,69.0,0.375,101,49,18,34,2,17,0,0
186.0,81.0,0.5,191,64,52,75,16,28,1,1
176.0,75.0,0.25,207,105,48,54,33,64,1,2
187.0,87.0,0.875,365,146,85,134,15,71,1,1
186.0,81.0,0.25,218,74,57,87,2,53,1,1
179.0,72.0,0.125,167,75,37,55,20,19,0,0
175.0,67.0,0.125,148,72,22,54,52,14,1,0
176.0,66.0,0.0,257,97,61,99,43,51,0,0
184.0,77.0,0.75,448,157,122,169,99,44,2,2
180.0,77.0,0.25,156,63,32,61,41,29,0,1
188.0,80.0,0.5,369,162,93,114,21,49,1,4
186.0,81.0,0.25,94,44,21,29,0,2,0,0
194.0,91.0,0.375,276,105,63,108,0,7,0,0
181.0,72.0,0.125,110,42,30,38,3,18,2,0
194.0,80.0,0.125,197,83,46,68,58,26,1,0
175.0,75.0,0.25,177,61,44,72,0,43,2,2
178.0,67.0,0.0,500,255,110,135,71,62,3,0
183.0,81.0,0.5,112,34,27,51,32,9,0,0
184.0,78.0,0.25,189,67,55,67,0,24,1,1
182.0,78.0,0.0,318,206,59,53,45,40,0,0
175.0,69.0,0.25,88,34,20,34,5,13,0,0
182.0,82.0,0.0,214,65,64,85,0,21,0,5
172.0,70.0,0.0,318,140,71,107,0,47,1,2
177.0,74.0,0.125,185,92,42,51,11,22,1,0
182.0,79.0,0.125,212,88,48,76,28,32,0,0
191.0,84.0,0.0,225,76,62,87,55,21,0,1
178.0,68.0,0.125,380,168,94,118,40,44,2,0
179.0,71.0,0.125,219,75,53,91,22,37,1,0
180.0,70.0,0.875,61,23,18,20,0,9,0,1
191.0,83.0,0.25,199,91,53,55,49,15,3,0
179.0,75.0,0.25,156,47,47,62,25,21,1,1
170.0,69.0,0.125,92,44,24,24,16,11,0,0
185.0,80.0,0.25,188,80,43,65,7,25,2,0
184.0,76.0,0.25,216,67,54,95,10,45,2,0
180.0,72.0,0.125,586,264,136,186,50,37,0,0
174.0,73.0,0.125,96,50,28,18,2,22,3,0
188.0,80.0,0.25,312,125,65,122,127,47,0,4
178.0,74.0,0.25,146,58,31,57,6,13,0,1
176.0,72.0,0.25,278,92,67,119,37,35,0,0
178.0,69.0,0.125,30,9,9,12,1,3,1,1
185.0,77.0,0.75,200,86,57,57,30,16,1,0
177.0,76.0,1.0,213,85,59,69,53,45,0,2
176.0,71.0,0.125,131,47,46,38,13,19,0,0
184.0,80.0,0.25,141,70,30,41,5,43,2,1
174.0,73.0,0.25,165,49,42,74,10,56,4,2
183.0,78.0,0.25,542,364,111,67,0,32,1,2
180.0,77.0,0.125,282,98,74,110,60,48,1,2
173.0,73.0,0.125,222,104,57,61,32,27,2,1
178.0,70.0,0.25,64,31,13,20,15,4,1,0
190.0,85.0,0.5,445,242,92,111,25,72,3,5
178.0,65.0,0.125,120,47,38,35,0,21,1,2
187.0,80.0,0.0,102,47,24,31,0,2,0,0
166.0,63.0,1.0,218,115,43,60,7,22,1,1
171.0,72.0,1.0,144,49,41,54,11,64,4,3
178.0,78.0,0.0,607,370,115,122,271,108,2,3
185.0,75.0,0.25,428,257,83,88,7,44,1,3
179.0,68.0,0.75,3,0,0,3,0,0,0,0
181.0,72.0,1.0,655,344,174,137,41,71,0,3
184.0,78.0,0.0,321,165,69,87,10,37,0,0
178.0,71.0,0.75,256,103,64,89,4,56,1,3
190.0,87.0,0.375,192,82,40,70,10,38,1,1
195.0,75.0,0.125,203,105,47,51,0,11,0,2
186.0,87.0,0.125,181,70,44,67,0,3,0,0
183.0,77.0,0.25,673,427,125,121,50,163,3,1
186.0,76.0,0.25,329,121,85,123,47,36,1,1
170.0,68.0,0.0,816,527,167,122,96,59,2,0
169.0,72.0,0.25,224,150,39,35,47,23,0,1
188.0,85.0,0.25,166,68,28,70,46,26,0,0
175.0,65.0,0.625,149,59,30,60,19,20,2,0
169.0,56.0,0.5,203,91,52,60,4,29,1,1
171.0,62.0,0.75,167,73,46,48,29,10,0,0
186.0,77.0,0.0,49,20,12,17,3,8,0,0
181.0,70.0,0.625,54,16,15,23,0,2,1,2
191.0,90.0,1.0,448,255,83,110,79,82,0,1
175.0,70.0,0.5,269,121,67,81,59,18,0,1
185.0,79.0,0.125,341,178,73,90,51,31,0,2
175.0,69.0,0.0,372,178,106,88,56,86,1,1
164.0,55.0,0.5,67,25,22,20,14,4,0,0
178.0,70.0,0.25,456,201,105,150,88,31,1,0
174.0,75.0,0.25,173,77,42,54,37,32,2,3
190.0,87.0,0.5,252,110,61,81,18,25,4,2
180.0,75.0,0.625,159,52,47,60,57,15,0,0
179.0,70.0,0.125,131,59,32,40,24,4,0,0
174.0,72.0,0.125,297,144,67,86,19,26,1,0
186.0,71.0,0.0,339,156,77,106,38,42,1,1
183.0,76.0,0.25,169,77,31,61,3,28,1,1
175.0,67.0,0.25,127,53,22,52,7,8,0,0
187.0,88.0,0.0,111,50,27,34,0,10,0,1
192.0,84.0,0.25,607,377,135,95,330,94,4,6
172.0,69.0,0.125,361,131,90,140,48,53,1,0
181.0,76.0,0.25,392,150,96,146,71,44,1,1
175.0,67.0,0.0,142,48,37,57,27,12,0,0
182.0,76.0,0.875,395,148,117,130,7,46,2,6
185.0,84.0,0.0,47,14,15,18,0,2,0,2
186.0,78.0,0.0,160,68,39,53,12,22,0,0
